{"cameraMode":{"drawMode":0,"name":"Shaded","section":"Shading Mode"},"sceneLighting":true,"audioPlay":false,"sceneViewState":{"showFog":true,"showMaterialUpdate":false,"showSkybox":true,"showFlares":true,"showImageEffects":true,"showParticleSystems":true},"in2DMode":false,"pivot":{"x":562.190185546875,"y":0.9280321598052979,"z":232.59097290039063},"rotation":{"x":0.04357079043984413,"y":-0.2588994801044464,"z":0.012411350384354592,"w":0.9650762677192688},"size":5.967399597167969,"orthographic":false}